﻿Variable,sub_variable,Description,Source
geo_id ,,Unique geographical identifier,
,IDxx,Indonesia,
,PHxx,Philippines,
,THxx,Thailand,
year,,year of observation (2014 to 2023),
quarter,,"(1)st, (2)nd, (3)rd,(4)th quarter",
sector,,Industry for the gross domestic product (GDP),
angle,,Satellite angle,
,a,composite,
,b,nadir,
,c,off-nadir,
value_lcu,,Real GDP in local currency unit,National Statitics offices of respective countries 
pop,,Population,
ntl_xx_xx,,Nighttime light (NTL) metric ,
,_bm_,Without poor quality pixels*,NASA's Black Marble
,_bm0_,Without poor quality pixels* and gap-filled observations,
,_bmn_,"Without poor quality pixels*, ephemeral lights; with linear imputation",
,_bmn0_,"Without poor quality pixels*, ephemeral lights and gap-filled; with linear imputation",
,_csm_,Off the shelf VNL2,Colorad School of Mines
,_x_mean,Mean of lights,
,_x_sum,Sum of lights ,
,_x_count,Count of lit pixels,